-- seed.sql
-- Realistic sample data modeled after a small city utility with two treatment plants.
-- All UUIDs are hardcoded v7-style for reproducibility.

-- ============================================================================
-- Organization
-- ============================================================================

INSERT INTO organizations (id, name, slug) VALUES
    ('019558a0-0000-7000-a000-000000000001', 'City of Clearwater', 'clearwater');

-- ============================================================================
-- Users
-- ============================================================================

INSERT INTO users (id, organization_id, email, name, password_hash) VALUES
    ('019558a0-0001-7000-a000-000000000001', '019558a0-0000-7000-a000-000000000001', 'admin@clearwater.gov',    'Sarah Chen',     '$argon2id$placeholder'),
    ('019558a0-0001-7000-a000-000000000002', '019558a0-0000-7000-a000-000000000001', 'jmartinez@clearwater.gov','Jorge Martinez', '$argon2id$placeholder'),
    ('019558a0-0001-7000-a000-000000000003', '019558a0-0000-7000-a000-000000000001', 'akim@clearwater.gov',     'Amy Kim',        '$argon2id$placeholder'),
    ('019558a0-0001-7000-a000-000000000004', '019558a0-0000-7000-a000-000000000001', 'rjohnson@clearwater.gov', 'Robert Johnson', '$argon2id$placeholder');

-- ============================================================================
-- Roles
-- ============================================================================

INSERT INTO roles (id, organization_id, name, description) VALUES
    ('019558a0-0002-7000-a000-000000000001', '019558a0-0000-7000-a000-000000000001', 'admin',    'System administrator'),
    ('019558a0-0002-7000-a000-000000000002', '019558a0-0000-7000-a000-000000000001', 'operator', 'Plant operator — data entry and review'),
    ('019558a0-0002-7000-a000-000000000003', '019558a0-0000-7000-a000-000000000001', 'reviewer', 'Compliance reviewer — can approve results'),
    ('019558a0-0002-7000-a000-000000000004', '019558a0-0000-7000-a000-000000000001', 'viewer',   'Read-only access');

-- ============================================================================
-- Facilities
-- ============================================================================

INSERT INTO facilities (id, organization_id, name, facility_type, address, latitude, longitude) VALUES
    ('019558a0-0004-7000-a000-000000000001', '019558a0-0000-7000-a000-000000000001', 'North Water Treatment Plant',   'water_treatment',      '100 Reservoir Rd, Clearwater, TX 76701', 31.5590, -97.1467),
    ('019558a0-0004-7000-a000-000000000002', '019558a0-0000-7000-a000-000000000001', 'South Wastewater Treatment Plant', 'wastewater_treatment', '450 River Bend Dr, Clearwater, TX 76704', 31.5320, -97.1590);

-- ============================================================================
-- User Roles (after facilities for FK)
-- ============================================================================

-- Sarah = admin (all facilities), Jorge = operator at WTP, Amy = reviewer (all), Robert = operator at WWTP
INSERT INTO user_roles (id, user_id, role_id, facility_id) VALUES
    ('019558a0-0003-7000-a000-000000000001', '019558a0-0001-7000-a000-000000000001', '019558a0-0002-7000-a000-000000000001', NULL),
    ('019558a0-0003-7000-a000-000000000002', '019558a0-0001-7000-a000-000000000002', '019558a0-0002-7000-a000-000000000002', '019558a0-0004-7000-a000-000000000001'),
    ('019558a0-0003-7000-a000-000000000003', '019558a0-0001-7000-a000-000000000003', '019558a0-0002-7000-a000-000000000003', NULL),
    ('019558a0-0003-7000-a000-000000000004', '019558a0-0001-7000-a000-000000000004', '019558a0-0002-7000-a000-000000000002', '019558a0-0004-7000-a000-000000000002');

-- ============================================================================
-- Monitoring Locations
-- ============================================================================

-- Water Treatment Plant locations
INSERT INTO monitoring_locations (id, facility_id, name, description, location_type) VALUES
    ('019558a0-0005-7000-a000-000000000001', '019558a0-0004-7000-a000-000000000001', 'RAW-01',   'Raw water intake from Lake Clearwater',     'influent'),
    ('019558a0-0005-7000-a000-000000000002', '019558a0-0004-7000-a000-000000000001', 'SED-01',   'Post-sedimentation basin effluent',         'intermediate'),
    ('019558a0-0005-7000-a000-000000000003', '019558a0-0004-7000-a000-000000000001', 'FILT-01',  'Post-filtration effluent',                  'intermediate'),
    ('019558a0-0005-7000-a000-000000000004', '019558a0-0004-7000-a000-000000000001', 'CW-EFF',   'Clearwell effluent (entry point)',          'effluent'),
    ('019558a0-0005-7000-a000-000000000005', '019558a0-0004-7000-a000-000000000001', 'DIST-01',  'Distribution system site 1',               'distribution');

-- Wastewater Treatment Plant locations
INSERT INTO monitoring_locations (id, facility_id, name, description, location_type) VALUES
    ('019558a0-0005-7000-a000-000000000006', '019558a0-0004-7000-a000-000000000002', 'INF-01',   'Influent headworks',                       'influent'),
    ('019558a0-0005-7000-a000-000000000007', '019558a0-0004-7000-a000-000000000002', 'AER-01',   'Aeration basin effluent',                  'intermediate'),
    ('019558a0-0005-7000-a000-000000000008', '019558a0-0004-7000-a000-000000000002', 'SEC-01',   'Secondary clarifier effluent',             'intermediate'),
    ('019558a0-0005-7000-a000-000000000009', '019558a0-0004-7000-a000-000000000002', 'WW-EFF',   'Final effluent (outfall 001)',              'effluent');

-- ============================================================================
-- Units of Measure
-- ============================================================================

INSERT INTO units_of_measure (id, organization_id, code, name) VALUES
    ('019558a0-0006-7000-a000-000000000001', '019558a0-0000-7000-a000-000000000001', 'mg/L',       'milligrams per liter'),
    ('019558a0-0006-7000-a000-000000000002', '019558a0-0000-7000-a000-000000000001', 'NTU',        'nephelometric turbidity units'),
    ('019558a0-0006-7000-a000-000000000003', '019558a0-0000-7000-a000-000000000001', 'SU',         'standard units (pH)'),
    ('019558a0-0006-7000-a000-000000000004', '019558a0-0000-7000-a000-000000000001', 'CFU/100mL',  'colony forming units per 100 milliliters'),
    ('019558a0-0006-7000-a000-000000000005', '019558a0-0000-7000-a000-000000000001', 'ug/L',       'micrograms per liter'),
    ('019558a0-0006-7000-a000-000000000006', '019558a0-0000-7000-a000-000000000001', 'degC',       'degrees Celsius'),
    ('019558a0-0006-7000-a000-000000000007', '019558a0-0000-7000-a000-000000000001', 'MPN/100mL',  'most probable number per 100 milliliters'),
    ('019558a0-0006-7000-a000-000000000008', '019558a0-0000-7000-a000-000000000001', '%',          'percent');

-- ============================================================================
-- Parameters
-- ============================================================================

INSERT INTO parameters (id, organization_id, code, name, default_unit_id, category) VALUES
    ('019558a0-0007-7000-a000-000000000001', '019558a0-0000-7000-a000-000000000001', 'PH',       'pH',                    '019558a0-0006-7000-a000-000000000003', 'chemical'),
    ('019558a0-0007-7000-a000-000000000002', '019558a0-0000-7000-a000-000000000001', 'TURB',     'Turbidity',             '019558a0-0006-7000-a000-000000000002', 'physical'),
    ('019558a0-0007-7000-a000-000000000003', '019558a0-0000-7000-a000-000000000001', 'CL2FREE',  'Free Chlorine',         '019558a0-0006-7000-a000-000000000001', 'chemical'),
    ('019558a0-0007-7000-a000-000000000004', '019558a0-0000-7000-a000-000000000001', 'CL2TOTAL', 'Total Chlorine',        '019558a0-0006-7000-a000-000000000001', 'chemical'),
    ('019558a0-0007-7000-a000-000000000005', '019558a0-0000-7000-a000-000000000001', 'TEMP',     'Temperature',           '019558a0-0006-7000-a000-000000000006', 'physical'),
    ('019558a0-0007-7000-a000-000000000006', '019558a0-0000-7000-a000-000000000001', 'BOD5',     'BOD (5-day)',           '019558a0-0006-7000-a000-000000000001', 'biological'),
    ('019558a0-0007-7000-a000-000000000007', '019558a0-0000-7000-a000-000000000001', 'TSS',      'Total Suspended Solids','019558a0-0006-7000-a000-000000000001', 'physical'),
    ('019558a0-0007-7000-a000-000000000008', '019558a0-0000-7000-a000-000000000001', 'NH3',      'Ammonia Nitrogen',      '019558a0-0006-7000-a000-000000000001', 'chemical'),
    ('019558a0-0007-7000-a000-000000000009', '019558a0-0000-7000-a000-000000000001', 'DO',       'Dissolved Oxygen',      '019558a0-0006-7000-a000-000000000001', 'chemical'),
    ('019558a0-0007-7000-a000-000000000010', '019558a0-0000-7000-a000-000000000001', 'ECOLI',    'E. coli',              '019558a0-0006-7000-a000-000000000007', 'microbiological'),
    ('019558a0-0007-7000-a000-000000000011', '019558a0-0000-7000-a000-000000000001', 'TCOLIFORM','Total Coliform',        '019558a0-0006-7000-a000-000000000007', 'microbiological');

-- ============================================================================
-- Analytical Methods
-- ============================================================================

INSERT INTO analytical_methods (id, organization_id, code, name, regulatory_reference) VALUES
    ('019558a0-0008-7000-a000-000000000001', '019558a0-0000-7000-a000-000000000001', 'EPA 150.1',     'pH Electrometric',                       '40 CFR 136.3'),
    ('019558a0-0008-7000-a000-000000000002', '019558a0-0000-7000-a000-000000000001', 'EPA 180.1',     'Turbidity (Nephelometric)',               '40 CFR 136.3'),
    ('019558a0-0008-7000-a000-000000000003', '019558a0-0000-7000-a000-000000000001', 'SM 4500-Cl G',  'Chlorine Residual (DPD)',                 'Standard Methods'),
    ('019558a0-0008-7000-a000-000000000004', '019558a0-0000-7000-a000-000000000001', 'EPA 405.1',     'BOD (5-day)',                             '40 CFR 136.3'),
    ('019558a0-0008-7000-a000-000000000005', '019558a0-0000-7000-a000-000000000001', 'EPA 160.2',     'Total Suspended Solids',                  '40 CFR 136.3'),
    ('019558a0-0008-7000-a000-000000000006', '019558a0-0000-7000-a000-000000000001', 'EPA 350.1',     'Ammonia Nitrogen (Colorimetric)',         '40 CFR 136.3'),
    ('019558a0-0008-7000-a000-000000000007', '019558a0-0000-7000-a000-000000000001', 'SM 4500-O G',   'Dissolved Oxygen (Membrane Electrode)',    'Standard Methods'),
    ('019558a0-0008-7000-a000-000000000008', '019558a0-0000-7000-a000-000000000001', 'EPA 1603',      'E. coli (mTEC)',                          '40 CFR 136.3'),
    ('019558a0-0008-7000-a000-000000000009', '019558a0-0000-7000-a000-000000000001', 'SM 9221B',      'Total Coliform (MPN)',                     'Standard Methods');

-- ============================================================================
-- Permit Limits
-- ============================================================================

-- Water Treatment Plant — clearwell effluent limits (TCEQ drinking water)
INSERT INTO permit_limits (id, monitoring_location_id, parameter_id, unit_id, limit_type, limit_value, effective_start, permit_reference) VALUES
    ('019558a0-0009-7000-a000-000000000001', '019558a0-0005-7000-a000-000000000004', '019558a0-0007-7000-a000-000000000001', '019558a0-0006-7000-a000-000000000003', 'daily_min',         6.5,   '2024-01-01', 'TCEQ PWS 1234567'),
    ('019558a0-0009-7000-a000-000000000002', '019558a0-0005-7000-a000-000000000004', '019558a0-0007-7000-a000-000000000001', '019558a0-0006-7000-a000-000000000003', 'daily_max',         8.5,   '2024-01-01', 'TCEQ PWS 1234567'),
    ('019558a0-0009-7000-a000-000000000003', '019558a0-0005-7000-a000-000000000004', '019558a0-0007-7000-a000-000000000002', '019558a0-0006-7000-a000-000000000002', 'daily_max',         1.0,   '2024-01-01', 'TCEQ PWS 1234567'),
    ('019558a0-0009-7000-a000-000000000004', '019558a0-0005-7000-a000-000000000004', '019558a0-0007-7000-a000-000000000003', '019558a0-0006-7000-a000-000000000001', 'daily_min',         0.2,   '2024-01-01', 'TCEQ PWS 1234567');

-- Wastewater Treatment Plant — final effluent limits (TPDES permit)
INSERT INTO permit_limits (id, monitoring_location_id, parameter_id, unit_id, limit_type, limit_value, effective_start, permit_reference) VALUES
    ('019558a0-0009-7000-a000-000000000005', '019558a0-0005-7000-a000-000000000009', '019558a0-0007-7000-a000-000000000006', '019558a0-0006-7000-a000-000000000001', 'daily_max',         45.0,  '2024-01-01', 'TPDES 14297-001'),
    ('019558a0-0009-7000-a000-000000000006', '019558a0-0005-7000-a000-000000000009', '019558a0-0007-7000-a000-000000000006', '019558a0-0006-7000-a000-000000000001', 'monthly_avg',       30.0,  '2024-01-01', 'TPDES 14297-001'),
    ('019558a0-0009-7000-a000-000000000007', '019558a0-0005-7000-a000-000000000009', '019558a0-0007-7000-a000-000000000007', '019558a0-0006-7000-a000-000000000001', 'daily_max',         45.0,  '2024-01-01', 'TPDES 14297-001'),
    ('019558a0-0009-7000-a000-000000000008', '019558a0-0005-7000-a000-000000000009', '019558a0-0007-7000-a000-000000000007', '019558a0-0006-7000-a000-000000000001', 'monthly_avg',       30.0,  '2024-01-01', 'TPDES 14297-001'),
    ('019558a0-0009-7000-a000-000000000009', '019558a0-0005-7000-a000-000000000009', '019558a0-0007-7000-a000-000000000008', '019558a0-0006-7000-a000-000000000001', 'daily_max',         6.0,   '2024-01-01', 'TPDES 14297-001'),
    ('019558a0-0009-7000-a000-000000000010', '019558a0-0005-7000-a000-000000000009', '019558a0-0007-7000-a000-000000000008', '019558a0-0006-7000-a000-000000000001', 'monthly_avg',       3.0,   '2024-01-01', 'TPDES 14297-001'),
    ('019558a0-0009-7000-a000-000000000011', '019558a0-0005-7000-a000-000000000009', '019558a0-0007-7000-a000-000000000001', '019558a0-0006-7000-a000-000000000003', 'daily_min',         6.0,   '2024-01-01', 'TPDES 14297-001'),
    ('019558a0-0009-7000-a000-000000000012', '019558a0-0005-7000-a000-000000000009', '019558a0-0007-7000-a000-000000000001', '019558a0-0006-7000-a000-000000000003', 'daily_max',         9.0,   '2024-01-01', 'TPDES 14297-001'),
    ('019558a0-0009-7000-a000-000000000013', '019558a0-0005-7000-a000-000000000009', '019558a0-0007-7000-a000-000000000010', '019558a0-0006-7000-a000-000000000004', 'daily_max',         126.0, '2024-01-01', 'TPDES 14297-001');

-- ============================================================================
-- Instruments
-- ============================================================================

INSERT INTO instruments (id, facility_id, name, serial_number, instrument_type, manufacturer, model) VALUES
    ('019558a0-000a-7000-a000-000000000001', '019558a0-0004-7000-a000-000000000001', 'pH Meter #1',       'PH-2024-0451',  'benchtop',  'Hach',    'HQ440d'),
    ('019558a0-000a-7000-a000-000000000002', '019558a0-0004-7000-a000-000000000001', 'Turbidimeter #1',   'TB-2023-1102',  'benchtop',  'Hach',    '2100Q'),
    ('019558a0-000a-7000-a000-000000000003', '019558a0-0004-7000-a000-000000000001', 'Chlorine Analyzer', 'CL-2024-0078',  'online',    'Hach',    'CL17sc'),
    ('019558a0-000a-7000-a000-000000000004', '019558a0-0004-7000-a000-000000000002', 'Portable DO Meter', 'DO-2024-0220',  'portable',  'YSI',     'ProDSS'),
    ('019558a0-000a-7000-a000-000000000005', '019558a0-0004-7000-a000-000000000002', 'pH Meter #2',       'PH-2024-0452',  'benchtop',  'Hach',    'HQ440d');

-- ============================================================================
-- Calibration Records
-- ============================================================================

INSERT INTO calibration_records (id, instrument_id, calibration_type, performed_at, performed_by, due_at, status, pre_value, post_value, method_reference) VALUES
    ('019558a0-000b-7000-a000-000000000001', '019558a0-000a-7000-a000-000000000001', 'calibration',  '2026-03-15 07:00:00-05', '019558a0-0001-7000-a000-000000000002', '2026-03-22 07:00:00-05', 'pass', 6.98, 7.00, 'EPA 150.1 Section 7.1'),
    ('019558a0-000b-7000-a000-000000000002', '019558a0-000a-7000-a000-000000000002', 'verification', '2026-03-15 07:15:00-05', '019558a0-0001-7000-a000-000000000002', '2026-03-16 07:00:00-05', 'pass', 19.8, 20.0, 'EPA 180.1 Section 7.2'),
    ('019558a0-000b-7000-a000-000000000003', '019558a0-000a-7000-a000-000000000004', 'calibration',  '2026-03-14 06:30:00-05', '019558a0-0001-7000-a000-000000000004', '2026-03-21 06:30:00-05', 'pass', 7.85, 7.86, 'SM 4500-O G Section 5'),
    ('019558a0-000b-7000-a000-000000000004', '019558a0-000a-7000-a000-000000000005', 'calibration',  '2026-03-10 06:45:00-05', '019558a0-0001-7000-a000-000000000004', '2026-03-17 06:45:00-05', 'fail', 7.12, 7.00, 'EPA 150.1 Section 7.1');

-- ============================================================================
-- Sample Results — one week of daily readings (March 10-16, 2026)
--
-- Mix of statuses to demonstrate the review workflow:
--   March 10-13: approved
--   March 14-15: reviewed
--   March 16:    draft
-- ============================================================================

-- Water Treatment Plant — Clearwell Effluent (CW-EFF) daily readings
INSERT INTO sample_results (id, monitoring_location_id, parameter_id, method_id, unit_id, collected_at, result_value, status, entered_by, reviewed_by, approved_by, reviewed_at, approved_at, source) VALUES
    -- pH readings
    ('019558a0-0010-7000-a000-000000000001', '019558a0-0005-7000-a000-000000000004', '019558a0-0007-7000-a000-000000000001', '019558a0-0008-7000-a000-000000000001', '019558a0-0006-7000-a000-000000000003', '2026-03-10 06:00:00-05', 7.2,  'approved', '019558a0-0001-7000-a000-000000000002', '019558a0-0001-7000-a000-000000000003', '019558a0-0001-7000-a000-000000000003', '2026-03-10 14:00:00-05', '2026-03-10 16:00:00-05', 'manual'),
    ('019558a0-0010-7000-a000-000000000002', '019558a0-0005-7000-a000-000000000004', '019558a0-0007-7000-a000-000000000001', '019558a0-0008-7000-a000-000000000001', '019558a0-0006-7000-a000-000000000003', '2026-03-11 06:00:00-05', 7.3,  'approved', '019558a0-0001-7000-a000-000000000002', '019558a0-0001-7000-a000-000000000003', '019558a0-0001-7000-a000-000000000003', '2026-03-11 14:00:00-05', '2026-03-11 16:00:00-05', 'manual'),
    ('019558a0-0010-7000-a000-000000000003', '019558a0-0005-7000-a000-000000000004', '019558a0-0007-7000-a000-000000000001', '019558a0-0008-7000-a000-000000000001', '019558a0-0006-7000-a000-000000000003', '2026-03-12 06:00:00-05', 7.1,  'approved', '019558a0-0001-7000-a000-000000000002', '019558a0-0001-7000-a000-000000000003', '019558a0-0001-7000-a000-000000000003', '2026-03-12 14:00:00-05', '2026-03-12 16:00:00-05', 'manual'),
    ('019558a0-0010-7000-a000-000000000004', '019558a0-0005-7000-a000-000000000004', '019558a0-0007-7000-a000-000000000001', '019558a0-0008-7000-a000-000000000001', '019558a0-0006-7000-a000-000000000003', '2026-03-13 06:00:00-05', 7.4,  'approved', '019558a0-0001-7000-a000-000000000002', '019558a0-0001-7000-a000-000000000003', '019558a0-0001-7000-a000-000000000003', '2026-03-13 14:00:00-05', '2026-03-13 16:00:00-05', 'manual'),
    ('019558a0-0010-7000-a000-000000000005', '019558a0-0005-7000-a000-000000000004', '019558a0-0007-7000-a000-000000000001', '019558a0-0008-7000-a000-000000000001', '019558a0-0006-7000-a000-000000000003', '2026-03-14 06:00:00-05', 7.2,  'reviewed', '019558a0-0001-7000-a000-000000000002', '019558a0-0001-7000-a000-000000000003', NULL,                                    '2026-03-14 14:00:00-05', NULL,                        'manual'),
    ('019558a0-0010-7000-a000-000000000006', '019558a0-0005-7000-a000-000000000004', '019558a0-0007-7000-a000-000000000001', '019558a0-0008-7000-a000-000000000001', '019558a0-0006-7000-a000-000000000003', '2026-03-15 06:00:00-05', 7.3,  'reviewed', '019558a0-0001-7000-a000-000000000002', '019558a0-0001-7000-a000-000000000003', NULL,                                    '2026-03-15 14:00:00-05', NULL,                        'manual'),
    ('019558a0-0010-7000-a000-000000000007', '019558a0-0005-7000-a000-000000000004', '019558a0-0007-7000-a000-000000000001', '019558a0-0008-7000-a000-000000000001', '019558a0-0006-7000-a000-000000000003', '2026-03-16 06:00:00-05', 7.0,  'draft',    '019558a0-0001-7000-a000-000000000002', NULL,                                    NULL,                                    NULL,                        NULL,                        'manual'),
    -- Turbidity readings
    ('019558a0-0010-7000-a000-000000000008', '019558a0-0005-7000-a000-000000000004', '019558a0-0007-7000-a000-000000000002', '019558a0-0008-7000-a000-000000000002', '019558a0-0006-7000-a000-000000000002', '2026-03-10 06:00:00-05', 0.15, 'approved', '019558a0-0001-7000-a000-000000000002', '019558a0-0001-7000-a000-000000000003', '019558a0-0001-7000-a000-000000000003', '2026-03-10 14:00:00-05', '2026-03-10 16:00:00-05', 'manual'),
    ('019558a0-0010-7000-a000-000000000009', '019558a0-0005-7000-a000-000000000004', '019558a0-0007-7000-a000-000000000002', '019558a0-0008-7000-a000-000000000002', '019558a0-0006-7000-a000-000000000002', '2026-03-11 06:00:00-05', 0.18, 'approved', '019558a0-0001-7000-a000-000000000002', '019558a0-0001-7000-a000-000000000003', '019558a0-0001-7000-a000-000000000003', '2026-03-11 14:00:00-05', '2026-03-11 16:00:00-05', 'manual'),
    ('019558a0-0010-7000-a000-000000000010', '019558a0-0005-7000-a000-000000000004', '019558a0-0007-7000-a000-000000000002', '019558a0-0008-7000-a000-000000000002', '019558a0-0006-7000-a000-000000000002', '2026-03-12 06:00:00-05', 0.12, 'approved', '019558a0-0001-7000-a000-000000000002', '019558a0-0001-7000-a000-000000000003', '019558a0-0001-7000-a000-000000000003', '2026-03-12 14:00:00-05', '2026-03-12 16:00:00-05', 'manual'),
    ('019558a0-0010-7000-a000-000000000011', '019558a0-0005-7000-a000-000000000004', '019558a0-0007-7000-a000-000000000002', '019558a0-0008-7000-a000-000000000002', '019558a0-0006-7000-a000-000000000002', '2026-03-16 06:00:00-05', 0.22, 'draft',    '019558a0-0001-7000-a000-000000000002', NULL,                                    NULL,                                    NULL,                        NULL,                        'manual'),
    -- Free Chlorine readings
    ('019558a0-0010-7000-a000-000000000012', '019558a0-0005-7000-a000-000000000004', '019558a0-0007-7000-a000-000000000003', '019558a0-0008-7000-a000-000000000003', '019558a0-0006-7000-a000-000000000001', '2026-03-10 06:00:00-05', 0.8,  'approved', '019558a0-0001-7000-a000-000000000002', '019558a0-0001-7000-a000-000000000003', '019558a0-0001-7000-a000-000000000003', '2026-03-10 14:00:00-05', '2026-03-10 16:00:00-05', 'manual'),
    ('019558a0-0010-7000-a000-000000000013', '019558a0-0005-7000-a000-000000000004', '019558a0-0007-7000-a000-000000000003', '019558a0-0008-7000-a000-000000000003', '019558a0-0006-7000-a000-000000000001', '2026-03-16 06:00:00-05', 0.7,  'draft',    '019558a0-0001-7000-a000-000000000002', NULL,                                    NULL,                                    NULL,                        NULL,                        'manual');

-- Wastewater Treatment Plant — Final Effluent (WW-EFF) daily readings
INSERT INTO sample_results (id, monitoring_location_id, parameter_id, method_id, unit_id, collected_at, result_value, status, entered_by, reviewed_by, approved_by, reviewed_at, approved_at, source) VALUES
    -- BOD5 readings
    ('019558a0-0010-7000-a000-000000000014', '019558a0-0005-7000-a000-000000000009', '019558a0-0007-7000-a000-000000000006', '019558a0-0008-7000-a000-000000000004', '019558a0-0006-7000-a000-000000000001', '2026-03-10 07:00:00-05', 18.5, 'approved', '019558a0-0001-7000-a000-000000000004', '019558a0-0001-7000-a000-000000000003', '019558a0-0001-7000-a000-000000000003', '2026-03-10 15:00:00-05', '2026-03-10 17:00:00-05', 'manual'),
    ('019558a0-0010-7000-a000-000000000015', '019558a0-0005-7000-a000-000000000009', '019558a0-0007-7000-a000-000000000006', '019558a0-0008-7000-a000-000000000004', '019558a0-0006-7000-a000-000000000001', '2026-03-12 07:00:00-05', 22.0, 'approved', '019558a0-0001-7000-a000-000000000004', '019558a0-0001-7000-a000-000000000003', '019558a0-0001-7000-a000-000000000003', '2026-03-12 15:00:00-05', '2026-03-12 17:00:00-05', 'manual'),
    ('019558a0-0010-7000-a000-000000000016', '019558a0-0005-7000-a000-000000000009', '019558a0-0007-7000-a000-000000000006', '019558a0-0008-7000-a000-000000000004', '019558a0-0006-7000-a000-000000000001', '2026-03-14 07:00:00-05', 25.3, 'reviewed', '019558a0-0001-7000-a000-000000000004', '019558a0-0001-7000-a000-000000000003', NULL,                                    '2026-03-14 15:00:00-05', NULL,                        'manual'),
    ('019558a0-0010-7000-a000-000000000017', '019558a0-0005-7000-a000-000000000009', '019558a0-0007-7000-a000-000000000006', '019558a0-0008-7000-a000-000000000004', '019558a0-0006-7000-a000-000000000001', '2026-03-16 07:00:00-05', 19.8, 'draft',    '019558a0-0001-7000-a000-000000000004', NULL,                                    NULL,                                    NULL,                        NULL,                        'manual'),
    -- TSS readings
    ('019558a0-0010-7000-a000-000000000018', '019558a0-0005-7000-a000-000000000009', '019558a0-0007-7000-a000-000000000007', '019558a0-0008-7000-a000-000000000005', '019558a0-0006-7000-a000-000000000001', '2026-03-10 07:00:00-05', 15.0, 'approved', '019558a0-0001-7000-a000-000000000004', '019558a0-0001-7000-a000-000000000003', '019558a0-0001-7000-a000-000000000003', '2026-03-10 15:00:00-05', '2026-03-10 17:00:00-05', 'manual'),
    ('019558a0-0010-7000-a000-000000000019', '019558a0-0005-7000-a000-000000000009', '019558a0-0007-7000-a000-000000000007', '019558a0-0008-7000-a000-000000000005', '019558a0-0006-7000-a000-000000000001', '2026-03-12 07:00:00-05', 20.5, 'approved', '019558a0-0001-7000-a000-000000000004', '019558a0-0001-7000-a000-000000000003', '019558a0-0001-7000-a000-000000000003', '2026-03-12 15:00:00-05', '2026-03-12 17:00:00-05', 'manual'),
    ('019558a0-0010-7000-a000-000000000020', '019558a0-0005-7000-a000-000000000009', '019558a0-0007-7000-a000-000000000007', '019558a0-0008-7000-a000-000000000005', '019558a0-0006-7000-a000-000000000001', '2026-03-16 07:00:00-05', 12.3, 'draft',    '019558a0-0001-7000-a000-000000000004', NULL,                                    NULL,                                    NULL,                        NULL,                        'manual'),
    -- Ammonia readings
    ('019558a0-0010-7000-a000-000000000021', '019558a0-0005-7000-a000-000000000009', '019558a0-0007-7000-a000-000000000008', '019558a0-0008-7000-a000-000000000006', '019558a0-0006-7000-a000-000000000001', '2026-03-10 07:00:00-05', 1.8,  'approved', '019558a0-0001-7000-a000-000000000004', '019558a0-0001-7000-a000-000000000003', '019558a0-0001-7000-a000-000000000003', '2026-03-10 15:00:00-05', '2026-03-10 17:00:00-05', 'manual'),
    ('019558a0-0010-7000-a000-000000000022', '019558a0-0005-7000-a000-000000000009', '019558a0-0007-7000-a000-000000000008', '019558a0-0008-7000-a000-000000000006', '019558a0-0006-7000-a000-000000000001', '2026-03-16 07:00:00-05', 2.1,  'draft',    '019558a0-0001-7000-a000-000000000004', NULL,                                    NULL,                                    NULL,                        NULL,                        'manual'),
    -- E. coli readings
    ('019558a0-0010-7000-a000-000000000023', '019558a0-0005-7000-a000-000000000009', '019558a0-0007-7000-a000-000000000010', '019558a0-0008-7000-a000-000000000008', '019558a0-0006-7000-a000-000000000004', '2026-03-10 07:00:00-05', 45.0, 'approved', '019558a0-0001-7000-a000-000000000004', '019558a0-0001-7000-a000-000000000003', '019558a0-0001-7000-a000-000000000003', '2026-03-10 15:00:00-05', '2026-03-10 17:00:00-05', 'manual'),
    ('019558a0-0010-7000-a000-000000000024', '019558a0-0005-7000-a000-000000000009', '019558a0-0007-7000-a000-000000000010', '019558a0-0008-7000-a000-000000000008', '019558a0-0006-7000-a000-000000000004', '2026-03-14 07:00:00-05', 52.0, 'reviewed', '019558a0-0001-7000-a000-000000000004', '019558a0-0001-7000-a000-000000000003', NULL,                                    '2026-03-14 15:00:00-05', NULL,                        'manual');

-- A non-detect result example (ammonia below detection limit)
INSERT INTO sample_results (id, monitoring_location_id, parameter_id, method_id, unit_id, collected_at, result_value, result_qualifier, detection_limit, status, entered_by, reviewed_by, approved_by, reviewed_at, approved_at, source) VALUES
    ('019558a0-0010-7000-a000-000000000025', '019558a0-0005-7000-a000-000000000004', '019558a0-0007-7000-a000-000000000008', '019558a0-0008-7000-a000-000000000006', '019558a0-0006-7000-a000-000000000001', '2026-03-10 06:00:00-05', NULL, '<', 0.1, 'approved', '019558a0-0001-7000-a000-000000000002', '019558a0-0001-7000-a000-000000000003', '019558a0-0001-7000-a000-000000000003', '2026-03-10 14:00:00-05', '2026-03-10 16:00:00-05', 'manual');
